,0
0,SOLANKIPLASTICS
1,SARNESWARATRADERS
2,LOCK
3,KHADERVALILATEEN
4,VAMSIKRISHNAFANCY
5,VKP
6,KPR
7,BALAJIPLASTICS
8,DURGAHOTEL
9,SONIYAHIRERS
10,VENUGOPALINAMADUGU
11,MAYURIHOTEL
12,RAMAKRISHNAGENERAL
13,SVSALR
14,SANDHYAPLASTICSPD
15,SUNDHAPLASTICS
16,SRINU
17,MSR
18,NAGESWARAO
19,KHANANDKHANPLAST
20,VENKATESWARLUVIJAY
21,KNC
22,SVPBUCHHI
23,AUTOLO
24,RAJASURESH
25,KSRIHARI
26,MUNEER
27,RAJASURESHKI
28,VENKATESWARAGENERA
29,VLP
30,CREDITBILL
31,MANCHIKANTIHARI
32,GV
33,SVR
34,TP
35,SRIRAMSRINIVASULU
36,LATEENTRY
37,PGS
38,CHEKKASUDHAKAR
39,PRAVI
40,LAVANYAFANCY
41,BRHAMADEVISUDHEER
42,DSPSEKHAR
43,INAMADUGUVENKAYYA
44,TVR
45,VENKATASETTYPDKR
46,BSR
47,VENKATESWARLUMUTHU
48,ARVINDVIDYANAGAR
49,KALLASUDHAKAR
50,LAKSHMINARASIMHATE
51,PVRAJAVGIRI
52,NSR
53,HAMPIFOODS
54,PADMAVATHI
55,WHITEHORSE
56,BCM
57,MAYURICATERING
58,SVNPLASTICSBUCHI
59,PARVATHIPARAMESWAR
60,KONDAREDDY
61,NMK
62,SPMPROVISIONDAKKI
63,BTR
64,KRAVIKUMARVGIRI
65,SRIJYOTHITRADERS
66,AVSNPT
67,RNR
68,NILAKANTAREDDY
69,MSWATERPLANT
70,KVK
71,PENCHALAYYAK
72,BSMVGIRI
73,VNR
74,KVKC
75,KARIMULLABTTR
76,RR
77,MVKSKHT
78,MARKETKOTESWARARAO
79,DVRCHITWELI
80,PALURUMALAKONDARED
81,CHENGAREDDYMTKR
82,CHAKKARANGAYYA
83,PAPARAO
84,RKK
85,SVSGS
86,MAHESWARIPROVISION
87,SATYAMJ
88,SASANKPAPERANDPL
89,BRHAMIAHMOPUR
90,KRISHNAPATNAMPORT
91,SRAMMOHANNELLORE
92,SBENTERPRISES
93,PRASADSPT
94,SESHIAUGIRI
95,ANILFANCY
96,VENKATARAMAGENRALS
97,BALAJIPLASTICSONG
98,AVRKAVALI
99,TRSPT
100,JAYLAKSHMIFANCY
101,PRAKASHKOTA
102,CHMALLIKARJUNA
103,MRG
104,SHAIKSIFULLA
105,LAKSHMIFANCY
106,PPR
107,GRAMANIAH
108,APLASTICSSPT
109,GVS
110,SAIFANCY
111,AKGOPIGMADHUKAT
112,TELADODDI
113,SATYAM
114,CUSTOMERSESHIAHAY
115,CREDITBILLAUTOLO
116,VELLINDI
117,JAYALAKSHMIGENERAL
118,GANESHMESS
119,JRATHAYYADAKKILI
120,KVENUGOPALRAPUR
121,JANANIPLASTICSVGI
122,BARGAVIPROVISONS
123,GMADHU
124,SMS
125,SHAJAHANNPT
126,TVS
127,SEKHARMARKET
128,CNR
129,SALESMANSURESH
130,VASUNDARAMAHILAMAN
131,DALI
132,KRB
133,SVNARAYANAPMR
134,GVENKAIAHATMAKUR
135,KISHOREPLASTIC
136,SAIRAMGENERALS
137,MSSPT
138,CBR
139,JAGADHAMBAPLASTICS
140,TGSNPT
141,TULASIGENERALSTOR
142,LAKSHMIPRASAD
143,KVS
144,RANDRVGIRI
145,MVR
146,BMKKOTA
147,CHINACHENCHAYYAMA
148,PRASADNAVABPET
149,ASRINIVASULUSPT
150,KRISHNAAYYAPAGUDI
151,SATYAMK
152,MSRCATERING
153,LMOHANRAO
154,RAVIVMR
155,MSSRCATERING
156,SREERAMESWARAYAAT
157,SRIVASAVITRADERS
158,CHATLANARAYANAPDK
159,PSRINIVASULURAILW
160,BASHAPDKR
161,KESAVAPROVISIONS
162,RAMAKRISHNAPROVISI
163,SURENDRAPDKR
164,SALMABIRYANIHOTEL
165,RVRR
166,BABUANATHASAGARAM
167,SRINIVASASAIFOOTW
168,SURYABAR
169,MADHUCHEJARLA
170,MSFRUITS
171,MURALISHOP
172,VVENKATESWARLUKAV
173,CHENCHULAKSHMIFAN
174,MBHASKER
175,YVTPMR
176,VENKATESHVGIRI
177,ATS
178,LATEENTRT
179,KMSSSS
180,BSMMTKR
181,VELINDI
182,MGN
183,SSB
184,RRSUPERMARKETSPT
185,VGIRIAKGOPI
186,BRR
187,JAYAMPUSUDHAKAR
188,SHAARCANTEEN
189,AUTOLOCREDITBILL
190,KARMUGAMVGIRI
191,MADHALAMALLAYA
192,LT
193,AVSADURUPALLY
194,AKKAVALI
195,MSRAMU
196,CUSTOMER
197,SVTKOTATENKAYALA
198,BHASKERBAR
199,KRPLASTICS
200,CHANKAYYASYDAPURA
201,CREDITBIL
202,RAGHUPDKR
203,TANEERMASTANIAH
204,SUNDARAMVGIRI
205,CHREDDY
206,KALIYAPPANVGIRI
207,RAMASTORES
208,VENKATESWARAPROVIS
209,GRLVGIRI
210,PAVANKUMARR
211,MT
212,VSIVAALR
213,KMADHUGMR
214,KNAGIREDDYKALIGIR
215,TGOPISPT
216,SHANMUGAPROVISION
217,SSGUDUR
218,AJANTHAHOTEL
219,MSRAMUVGIRI
220,LALITHAMM
221,VSP
222,SANKAR
223,CLKNPTRTCNUMBE
224,ASRINIVASULU
225,SHARICHITWELI
226,GOLLABALAJGUDLUR
227,ABC
228,VVSUGIRI
229,CREDITBILLSURESH
230,DHVARA
231,RAMARAO
232,MSNUGIRI
233,SNMEERAMALLAM
234,SHAIKMASTANVIDYAN
235,ANRVGIRI
236,INRSWEETSSANGAM
237,AUTLO
238,PSUNDARA
239,KMSKHADERVALI
240,PVRAJA
241,MADHUPROVISIONSK
242,PADMAVATHIFANCYGD
243,NNPDKR
244,PRAKASHMSR
245,GRKKVR
246,BABAMESSVGIRI
247,KVSNPT
248,MADHUFANCY
249,NSRINIVASULUVGIRI
250,ARK
251,AVENKATESWARLUVB
252,MGS
253,LNGS
254,SSSBUCHISHANTINAG
255,AKGOPI
256,DVEERABADHRAM
257,KMS
258,SHAJAHAN
259,YUVARAJPLASTICSAN
260,TVCHALAPATHICHITV
261,SMSTRADERSGDR
262,SKTSPT
263,TVRKVK
264,GKUMARA
265,PABBISETTYALR
266,SKT
267,MDISHAQ
268,SKGMVGIRI
269,WORTHINDUSTRIES
270,RVKVGIRI
271,RAJYALAKSHMIPAPER
272,INDRATRADERSVGIRI
273,DHANALAKSHMIPROVIS
274,JANATHATRADERS
275,AKBARCOOLDRINKS
276,SRINIVASULU
277,KKARSPT
278,VISHNUCUTOMER
279,CHENCHUKRISHNAYYAV
280,RDSTORES
281,LMOHANRAOJBHASKE
282,RRAO
283,MSRCATERNG
284,KMSKVKCNUNDI
285,BABASTORES
286,PARITALARAMAKRISHN
287,KALUVAI
288,DVREDDY
289,QUALITYCHICKEN
290,RAFITRADERSUGIRI
291,AFOOZOPRIVATELIMI
292,SAIPROVISONSBTTR
293,PENCHALAYYABRHMADE
294,BOBULREDDY
295,AUTULO
296,RMRRFANCYASP
297,RSRIHARI
298,YVSRALURU
299,KKONDAYYAGDR
300,PMURALISPT
301,SHAJAHANPRAKASH
302,MCHANDRA
303,BVSUBRHAMANHYAMA
304,KARTHIKDEPARTMENTS
305,RAKESHGDR
306,VEGURUANJI
307,MAHALAKSHMIVIMAL
308,KATTELADHODDIRAMA
309,VVSUBHARAOVEDAYA
310,GOVINDAYA
311,VASUNDARAMAHILAMAND
312,ALI
313,YGOPINATH
314,RAVI
315,MALLIKARJUNAGENERA
316,MADHUPROVISIONSMA
317,RRIPADU
318,VARUNSPT
319,DILIPREDDYGDR
320,MURALIFANCY
321,VIGNESWARACATERING
322,LAKSHMINARASIMHAPR
323,SYAMALAMMAPGDR
324,HARIHARASTEELS
325,KHADERVALIMALLAYA
326,REDDYBHAVANHOTEL
327,SUBHAREDDYAUTOLO
328,SRIRAMAPROVISIONS
329,SDNASIR
330,SESHIAHVEGURU
331,DASARAMESHNLR
332,PBNR
333,GURUNATHAMGENERAL
334,VSRINIVASULU
335,MADHUPROVISIONS
336,KLEELAVATHI
337,CUSTOMERSIVACHENN
338,CHAITANYAPROVISION
339,DAKKILI
340,MADHANKUMAROPPLI
341,SRINIVASULUBTTR
342,BOMBAYPLASTICSSPT
343,LKRDAKKILI
344,PREETHIKAFANCYBUC
345,NADARVGIRI
346,SATISHOJILIINDIAN
347,VLPVMR
348,RAJAMATHASTORESSK
349,SURENDRASPT
350,KKS
351,VENUVENGAMAMBAPURA
352,SVCATERINGNELLORE
353,RKSITHALUR
354,GANGASTORE
355,SSS
356,SVENKATESWARLUUGI
357,EXTRAGAVESAM
358,AKGOPIPPRABHAKAR
359,CHTIRUPATHI
360,INTREST
361,KARIMULLAVGIRI
362,BYHAND
363,SATYAMCREDITBILL
364,KARIMULLAMUTTONSH
365,CHARANTRADERSHAST
366,CREDITBILLBYHAND
367,KMSLATEENTRY
368,MVSR
369,PRAKASH
370,CHANKAYYA
371,GAJENDRAJRATHAYYA
372,PABBISETYY
373,PURNASAIAGENCIES
374,SUSHMACATERINGNEL
375,VSSPT
376,DONANEWPRICE
377,CREDTIBILL
378,CHENCHUMAHALAKSHMI
379,GOLAGAMUDI
380,CEKAMBARAM
381,KARIMULLAMSRAMU
382,PABBISETY
383,SANDEEPVGIRI
384,YSIDHYYATALUPURU
385,GKUMAR
386,BVRATMKR
387,PRAMEELABAKERYNPT
388,GEETHIKA
389,ACK
390,AKGOPIGMADHU
391,SVT
392,FROMHYD
393,AYYAPAFANCYSPT
394,KMSSSSKHADERVALI
395,MALLAYAKKS
396,MADHUPROVISON
397,LATENTRY
398,ZAMEERAUTOLO
399,VISHNUSTORESKOTA
400,RSIVAYYARAJUPALEM
401,DIRECTVEHICLE
402,KARIMULLABRR
403,AKGOPIDVENKAYYA
404,CREDITBLL
405,JRATHIA
406,JONNAWADA
407,TADIKILABAZAARSHOP
408,SAIREKHAMEDICALS
409,DKR
410,JBHASKER
411,RAJAFANCYLMOHANRA
412,OMADHUPROVISIONS
413,TRAGHU
414,BKRADURUPALL
415,HKPBUCHHI
416,MASTHANPSKHT
417,GSRMALLA
418,SIVAKUMAR
419,SRINIVASULUGVMR
420,PPBALANCE
421,GOPIBTTR
422,CHENNARAYUDUUGIRI
423,MANIPORT
424,SURESHYRAILWAYKO
425,PSUDARAM
426,PREETHISUPERMARKET
427,MANCHIKANTI
428,SAIBABAGENERALKAV
429,KHADERVALIKK
430,RAVIKANTHGDR
431,KVKCNUNDIMALLAY
432,APMVGIRI
433,SLS
434,JPRBUCHI
435,PURNAFANCYSTORES
436,TIRUMALAPROVISIONS
437,VENKATESWARLU
438,MADHUPROVISION
439,VISHNUSPT
440,ACRPDKR
441,STNPT
442,NDDAY
443,MPRASADSANGAM
444,SVTKOTA
445,VENKATESWARALU
446,TULASIRAMKONDAYAPA
447,PALANANTHASAGARAM
448,SAIRAMSPT
449,DATEBILL
450,MS
451,AUTOLOHUSSAIN
452,VISHALPAPERPRODUC
453,BALUAUTOLO
454,RHPROVISIONSATMAK
455,SRINIVASASUPERMAR
456,PVSCHITVELI
457,GANGAMMAGDR
458,RAJUKOPPRTCBADV
459,GMADHUSANDEEPPL
460,ALITHA
461,MSURESHSKHT
462,DS
463,MURALIDCHITWELI
464,KAVALIDIRECT
465,RAVIPOLYPACK
466,GIRIJAMEDICALS
467,TMOHANSKHT
468,SHAJAHANPSUNDARAM
469,MSURESH
470,GGURAVIAH
471,GSRMALLAM
472,KMSKHADERVALSSSM
473,ALLAYA
474,BALAJISTORES
475,BALUAUTOL
476,EXTRAVESAM
477,CVR
478,BSCPLINFRASTRUCTUR
479,KARIMULL
480,KARTHIKDEPARTMENT
481,ADHICHIKENSTALLGD
482,IDHIBIL
483,LENTRYCHESAM
484,SESHAMMAALRPETA
485,AVULAPENCHALAYYAP
486,MURALIKVL
487,DVEERABADRAMVIJAY
488,ASTORES
489,NRPDKR
490,SUBRHAMANYAMCHITWE
491,PRATHAPKBUCHI
492,ANJAYYACHITTEDU
493,CHTIRUPATHINELLOR
494,EPALEM
495,SKHUMAYANUGIRI
496,KKTRADERS
497,GMADHUKALUVA
498,CHEKKARANGAYA
499,GMADHUKALUVAI
500,GRKVGIRI
501,KOVURAYANA
502,MSRMTKR
503,PSUNDARAM
504,JBHASKERGAJENDRA
505,LATEENTRHY
506,KNEELAKANTAREDDY
507,ENTRYCHESAM
508,NVMEDICALSVGIRI
509,SATYAMBUJABUJANEL
510,NAIDUMESSDAKKILI
511,KRISHNACOOLDRINKS
512,GEETHIKAPROVISIONS
513,KAMARNATHKOVUR
514,DSURENDRACHILAKAL
515,AMARRI
516,ARAMESHATKR
517,SAILAKSHMIPROVISIO
518,KSRISKAPALL
519,ACR
520,BABUBUCHI
521,GSR
522,JAGADEESHGDR
523,SUBHAREDDYNELLORE
524,VASUNDARA
525,PACVPMR
526,GMRNPT
527,MALLINAVABPET
528,SATISHNPTPILLARI
529,JAGADEESHSPT
530,DKRSTP
531,MADHUSUDHANNPT
532,DIRECTVEHICL
533,BALAJIPLATICSSANG
534,NRAMANIAH
535,PLALITH
536,MADHUNAIDUTENKAYA
537,VSRCHITWEL
538,SRINUPMR
539,INV
540,KRISHNACOOLDRINGK
541,RAMESH
542,SURYATRADERS
543,RAJAFANCY
544,SUBHARAOKASPET
545,OBULREDDY
546,BOR
547,PRRNPT
548,JEEVANPUTHUR
549,VASUNDARAMAHIL
550,TPP
551,INVNO
552,KANTHARAONPT
553,KARIMULLA
554,TMALLIKARJUNAMENA
555,GAJENDRA
556,KMSKV
557,SRUTHIPROVISIONSN
558,SSRNPT
559,ENTEREDON
560,TVTCHITWELI
561,SSRATKR
562,NAGASURISRINIVASUL
563,GANESHWATERPLANT
564,SANDEEP
565,VGIRI
566,DARSHANGENSTORES
567,GLAKSHMI
568,RAJAFANCYPVSGRK
569,RAJATSKTH
570,MAHESH
571,CREDITIBLL
572,MRJRATHAY
573,TVENKATESWARLU
574,KHADERVALI
575,KHADERBASHACHITWE
576,RAVIPOTAYPALEM
577,MARKETRAMES
578,PLNARAYANAPMR
579,KKRSPT
580,VEERABADRAYA
581,CREDITBIILL
582,PURNASAI
583,NIRANJANSANGAM
584,KSUDHAKAR
585,ENTERED
586,NEELAKANTAREDDY
587,NANDAKUMARNELLORE
588,AKBARCOOLDRINK
589,SLSSPT
590,SEKHARNAVABPET
591,RAMAKRISHNAINAMADU
592,MADHUPROVISIONSAN
593,GAM
594,MEGHANABAR
595,PVNRSPT
596,BADRIKKOVUR
597,PARCELONWEDNESDAY
598,ABHASKERVGIRI
599,KPRFASTFOODS
600,RSMPDKR
601,NRAMANAREDDYGDR
602,GSRMALLAMA
603,SSR
604,SATYANARAYANATRADE
605,BSMBOXDATEDH
606,KSUBHRAMANYAM
607,LALITHSKHT
608,PREETHISUPERMARKE
609,SAIELECTRRICALS
610,SVRVENKATESWARLUP
611,MAHINDRAFERTILIZER
612,SRIKARTHIKEYAENTE
613,MAHINDRAKKOVUR
614,MURALIMESSVIDYAN
615,AGAR
616,PSUNDARM
617,MAHESWARAGENERALS
618,DPKSPT
619,JBR
620,HARITHABEACHRESOR
621,CREDTBLL
622,SUDHAKARKNPT
623,MURALIKRISHNAAGENC
624,GOLLABALASUBRHAMAN
625,VASUNDARAMAHILAMA
626,NDALI
627,KMN
628,KONDAREEDDDY
629,GMR
630,PAVANICUTPEICESA
631,STARXEROXPARKSTR
632,LATEENTR
633,SVSWATERPLANT
634,SRINIVASULUYS
635,BHAGWANCATERINGNE
636,DATEANIVUNDH
637,GVSVBPALLI
638,MADHUPROVISIONSES
639,HAMMA
640,CREDITILL
641,VEERABADHRAYYASKHT
642,NARESHPMR
643,PUJATRADERSSKHT
644,MARKETSRINIVASULU
645,OLDDHI
646,SKBABU
647,KONDAREDDYNDTIME
648,SHAJAHANKHADERVALI
649,RAVIWINESBANGARU
650,PET
651,LAKSHMISAIFANCYKO
652,VASUNDHARA
653,KHADERVALISPT
654,CREDIITBILL
655,RAVIFANC
656,RAVIWINES
657,MANIKANTAKOTA
658,TRAVI
659,BLNGDR
660,CVRRAILWAYKODUR
661,PSUNDARAMKMSSPT
662,CAKESCORNER
663,CREDITBILLS
664,PABBISETTY
665,SURYAPROVISION
666,PS
667,SSSSPT
668,MOHANCHOUDARYINAM
669,TMOHAN
670,SESHAMMAALR
671,CHINTALAMMA
672,GOVARDHANNPT
673,CVSRAILWAYKODUR
674,TSRINIVASULU
675,LASHAWANANDJASHAW
676,SWATHIPROVISIONSB
677,BNGENERALSTORES
678,VENUANANTHAPURAM
679,VAMSIGDR
680,COUNT
681,SKBABUKMS
682,CREDITBILLL
683,VASUNDARAMAHILMAND
684,PSUNDARAMSKBABU
685,KONDAYYACREDITBIL
686,KHADERVAL
687,UMACATERINGANATHA
688,KHANNAN
689,SRIMURAGANENTERPR
690,SEETHAMMAPROVISONS
691,HARIHARACEMENTS
692,SLVFANCYPMR
693,CHATLANARAYANA
694,VFPSPT
695,GRK
696,MURALIKRISHNASUPER
697,CHINNIKRAPUR
698,DVVSATYANARAYANAK
699,SMCCATERINGVEGURU
700,MANDALACHENNARAYU
701,AADHARNO
702,SRINIVASACATERING
703,BRRVGIRI
704,GOPINATHZNELLORE
705,MADRAS
706,CREDITBILLAUTLO
707,SKSALIMPDKR
708,PVS
709,RAJASEKHARPMR
710,SVRBRHANDHISHOPM
711,ARRIPADU
712,KGRFOODSNELLORE
713,MMOHANRAOBUCHI
714,DRUTTAMHOTELNELL
715,SURYAPROVISIONS
716,ATHIDIRESTARENT
717,KAMMAPALIROAD
718,SVNPMR
719,SARAVANANBCHENNAI
720,KHAJAMENON
721,SVSWATERPLANTVG
722,IRI
723,DVEERABARAM
724,SURAYAPALEM
725,KKRVGIRIKASIPETI
726,VVENKATESWARLU
727,RAMESHMUTHUKUR
728,EVSVENKATAGIRI
729,MGSNPT
730,KJRFRUITSNELLORE
731,SVRBRANDHISHOP
732,SURESHJAYAMPU
733,ASRINIVASULUBAGLO
734,YVSRVGIRI
735,MVS
736,GADAMSETTYSRINIVAS
737,VASUNDARAMAHILA
738,KHANMERCHANTSNELL
739,BABUREDDYMPENCHA
740,LREDDY
741,DIRECTAUTO
742,VINAYAKASWEETSHOP
743,LAKSHMIBOOKSHOPSKH
744,VLNVAKADU
745,GST
746,BSRPINDIMILLUKAL
747,IGIRI
748,JKPROVISIONSTIRUM
749,MDISAQ
750,BYBYKE
751,BALAAUTOLO
752,APRSPT
753,KHADIRBASHACHITWE
754,BVR
755,GANGAPATNAMMALLIKA
756,GSRSANDEEPGMADH
757,DHAMARAMADUGU
758,CHRAMANIAH
759,APOLLOHOSPITAL
760,SESHAMMA
761,KPRHOTEL
762,SVRBRANDISHOP
763,RAILWAYCUSTOMER
764,SUDHAKARYVGIRI
765,SKBABUPRAKASH
766,SUBHAREDDY
767,KISHORENAVABPET
768,MALLAYA
769,DIRECTFROMKAVALI
770,RAJAGENERALSTORES
771,NOTENTERED
772,MSURESHDVEERABAD
773,RAYA
774,SVRBRANDHI
775,MJAGADEESH
776,CDREDITBILL
777,SRINIVASAENTERPRIS
778,CASH
779,VINAYAKASWEETS
780,RANDRGOPI
781,AVSPDKR
782,RAMYASUPERMARKETV
783,SMCATERINGNPT
784,PGMVGIRIXROADS
785,BSATYAM
786,LNFSVGIRI
787,GOPINATH
788,VIGNESWARASUPERMA
789,VEERABADRAM
790,BUJJAYA
791,BRHAMIAHRAJAFANCY
792,SAIRAM
793,VINAYAKASWEETSKOT
794,HAGUNT
795,SVRBRANDISHOPMA
796,RAGHU
797,PADMAVATHISHOPPING
798,PRATHAPAUTOLO
799,KSM
800,NAGARAJAPNPT
801,JYOTHIFANCU
802,VASUNDHARAMAHILAMA
803,GUPTASTORESSPT
804,PVKUMARREDDYUGIR
805,SDRAHAMATHULLARAM
806,CREDDITBILL
807,SMKCATERINGNELLOR
808,YGOPINATHJBR
809,KAVALIVEHICLE
810,LAKSHISTORESMALYAD
811,KMSKHADERVALIDOBL
812,EENTRY
813,BASHAMUTHUKUR
814,PMSWAMI
815,SAIDEPARTMENTALST
816,ORES
817,PRATHAPNELLORE
818,JYOTHIENTERPRISES
819,BHUVANESWARI
820,TIRUPATHIREDY
821,SVRBRADISHOP
822,MADHUPROVSIONS
823,NARAYANAENGINEERIN
824,SRIKRISHNAFANCYN
825,TIRUPATHINELLOREPA
826,LEM
827,SARAVANATENKAYALA
828,LATEENTRU
829,SRILAKSHMIPROVISI
830,EPALME
831,SRIKODANDARAMASWA
832,MYSWAMIDEVASTANAM
833,VENAKATESH
834,SARASWATHIHOTEL
835,JAYSREEGENERALSTO
836,YREDDYNLR
837,CHENCHAYYA
838,VIJAYASTORES
839,SKBABUSHAJAHAN
840,JBRVGIRI
841,SRINIVASULUBALAJIN
842,MALYADRIAUTOLO
843,MSNBALAJINAGAR
844,HAGUNTA
845,SRINIVASAFANYALLU
846,CUSTOMERKRISHNASK
847,MSRCATERINGKAVALI
848,SATYAPREMNELLORE
849,RK
850,RAGHUPATHISANTHAPE
851,RAVINARUKUR
852,DIRECTVECHCLE
853,APRILNDBILL
854,VARKUDDINSARVEPALL
855,ENTEREDTHISBILLO
856,APRILND
857,GSUBHARAO
858,APRILRD
859,DVEERABADRAM
860,SVRBRANDI
861,VS
862,MADHUNAVABPET
863,EXTRALASTLO
864,TIRUPATHIREDDY
865,VKRBUCHI
866,LAVANYAAUTOLO
867,PRAKASHNPT
868,SHAJAHANA
869,CREDTBIL
870,BSUBHARA
871,KOTHAGUNTAMEERAGE
872,NERALSTORES
873,ARUNAHOTEL
874,CHANDRAMOULIVGIR
875,SLSTGDR
876,SBHCHENNURU
877,RANGAFANCYNELLORE
878,KVRAMANIAHPANSHO
879,TNARAYANASWAMYPMR
880,BABAMESS
881,CHREDD
882,SKBABURAMU
883,SRIHARINUNCHI
884,BAGWANCATERINGNLR
885,CREDIRBILL
886,VLN
887,RAMU
888,MASTANSKHT
889,MADHUPROVISIONSSA
890,NGAM
891,MADHUMANUBOLU
892,LATEENTYR
893,MANOHARKSKHT
894,SVRWINE
895,SIVAFANCY
896,RADHAALR
897,RRCHIKENCENTERMT
898,SANDEEPPENCHALAY
899,RAMANIAHSUNIL
900,RATNAMFANCY
901,KALYANIFRUITJUICE
902,SKMCATERING
903,CRDITBILL
904,PLALITHA
905,CHANDRAMOULIVGIRI
906,GIRIATMAKUR
907,GKUMARNAIDUPET
908,SAMEERATRADERSMAM
909,AVENKATREDDYDCCB
910,ANKCHITWELI
911,HAMPISTORES
912,JAMALSULURPET
913,VISHNU
914,RAMUNPT
915,DVEERABADRASURES
916,SRINIVASAGDR
917,RPASPET
918,SAIDURGATRANSPORT
919,STORES
920,GVMEDICALSUDAYAGI
921,MSRCATERINGKHADE
922,RVALILATEENTRY
923,MDFANCYNAIDUPETM
924,JBRKSANDEP
925,MDRAFI
926,SIVASPT
927,VSIVA
928,AUTO
929,RADHAMAALLURU
930,GAJENDRASKHT
931,MASTANSKPALLAMPE
932,TSUDHAKAR
933,RESHMI
934,GKUMARNPT
935,LATEENTRUY
936,VAYUGUNDLANARASIMH
937,SLST
938,KSRIHARIMR
939,GOUDHOTELNARUKUR
940,KVENKATESHMANCHAL
941,RATNAMFANCYPALAKE
942,NDRAM
943,JBASKER
944,PMRMADHUPROVISION
945,VGSSRIHARIKOTA
946,DHARALU
947,PRAVEEN
948,MSRCATERINGNPT
949,SUMANPDKR
950,GAJENDRAA
951,PSUNDARAMLATEENT
952,RY
953,MSRCATERINGLATEE
954,NTRY
955,RAMDEVPLASTICSSPT
956,VASUWATERVENKATAG
957,SURESHSKHT
958,SUNDARAMNPT
959,SRIGURUSTORESSKH
960,AUTOLLO
961,VOWELINDIASCHOOL
962,BABUFANCY
963,ASVPROVISIONRDM
964,MAHALAKSHMIPLASTIC
965,DKRSANDEEP
966,RAVINDRABHARATHIS
967,CHOOL
968,VINAYAKACATERINGP
969,BROWNTAPEROLL
970,JAY
971,AMMAAGENCIES
972,SRIVIGNESWARASUPE
973,BABU
974,SRIRAMSRINIVASULUC
975,HAKALIKONDA
976,CHENCHULAKSHMIPROVI
977,SKBABUPRAKASHKMS
978,HARISANTHAPET
979,DRAMUATMAKUR
980,PACSKODURPADU
981,GURRAMDASAYY
982,NAGIREDDY
983,STORESS
984,SRIRAMSRINIVASUL
985,TSR
986,VEHICL
987,OGRGUDUR
988,GCCKALUVAI
989,AUTOLOLATEENTRY
990,RAVINDRASKHT
991,PRAKASHMSRCATERIN
992,COFFEEPARK
993,SHAIKSIFULL
994,NELLORESHOP
995,CHPRAVEENKVL
996,NCPDKR
997,NN
998,PSMSPT
999,NPRABHAKARPDKR
1000,SHANMUGAPROVSION
1001,KKR
1002,SKBABUPS
1003,PSEETHAMMASHAIKM
1004,ASTANAMMA
1005,SIFULLA
1006,SURESHSRIKALAHAST
1007,HI
1008,ST
1009,EPALE
1010,NAGIREDDYFANCY
1011,PSMSRCATERING
1012,HOTELSMARTCITYPA
1013,BROWNTAPRROLL
1014,SMARTBOULQUANTITY
1015,CHANGED
1016,LALITHAMMA
1017,SRIKANTHGDR
1018,BISMILLATRADER
1019,BISMILLTRADERS
1020,VSMMALLIKARJUNA
1021,KCHANDRAKURUGOND
1022,KVSRAJUPALEM
1023,SATURDAYBOXES
1024,PRAKASHKHADERVALI
1025,PSM
1026,MAHESHBTTR
1027,GVSPROVISIONS
1028,HOTELBAWARCHI
1029,MALAYALIWELFAREAS
1030,MBABUREDDY
1031,KARUPUSWAMYNELLORE
1032,TSRINIVASULUTST
1033,CREDIBILL
1034,RAJAFANCYGMADHU
1035,DAMARAMADUGU
1036,SURAYPALEM
1037,KANYAKAPARAMESWARI
1038,GRKKANNAYA
1039,RKMSKHT
1040,SBH
1041,NENTERPRISES
1042,SLV
1043,DURGAPLASTICSNPT
1044,MLLESS
1045,KKANNAYA
1046,SURENDRA
1047,MADHUPROVISIION
1048,SURYAPROVSION
1049,KEERTHIMILKDAIRY
1050,OPPOSITMARKET
1051,DIRECTFROMHYDERAB
1052,AD
1053,GLNVAKADU
1054,PSUNDARAMNPT
1055,VASUHOTELVGIRI
1056,BABUFANCU
1057,KONDAREDYY
1058,PRAKAHS
1059,DIRECTAUTOLO
1060,HAZARATHREDDYCHEJ
1061,ARLA
1062,TVENUGOPAL
1063,RAJAGOPALSTORESMK
1064,DIRECTVECHICL
1065,VVENK
1066,SRINIVASULUISKD
1067,TVSKOTA
1068,JAIBALAJINELLORE
1069,WBB
1070,RAMANAREDDY
1071,PRAKAS
1072,CREDITAUTOLO
1073,SAIKRISHNAGENERAL
1074,VIJAYKUMARREDDYP
1075,SVRWINESMARRIPADU
1076,JUL
1077,BARGAVPROVISION
1078,KHADERVALISKBABU
1079,HARIKRISHNAPROVISI
1080,CREDIBIL
1081,NIRANJAN
1082,DIRECTVECHIL
1083,SHAARRETURNITEMS
1084,ATMAKUR
1085,DIRECTAUTOO
1086,ORDER
1087,DURGAPLASTICS
1088,KKAR
1089,LARGECUPS
1090,SRISAIBABAGENERA
1091,KCHANDRA
1092,GRATNAMVGIRI
1093,HAZARATHREDDY
1094,RADHAKRISHNA
1095,NDTIME
1096,SILVERTIFFIN
1097,KIAMOUNT
1098,KKUMAR
1099,VENKATAKRISHNAKOTA
1100,SUGUNAGENERALSTOR
1101,RAMANAREDDYGUDUR
1102,RADHAKRISHN
1103,MADHUPROVISIONSA
1104,SHODABANDIVENKATE
1105,SWARLUDUTTALUR
1106,SURYACHANDRAHOTEL
1107,MALLIRENIGUNTA
1108,BLTSKHT
1109,SUNDARAM
1110,RADHAMMA
1111,SIVAONGOLE
1112,VENUGOPAL
1113,DIRECAUTO
1114,CREDIBIILL
1115,MURALIKOTHAGUNTA
1116,TRAVIBEERANGUTA
1117,PVRMADAPALLI
1118,DIRECTAULTO
1119,VENUKODUR
1120,FOODS
1121,CURRENTBILL
1122,MSRCATERIN
1123,DIRECTHAUTOLO
1124,GSUDHAKAR
1125,PSMALR
1126,DURGPLASTICS
1127,SURESHKALAHASTHI
1128,SVRWINES
1129,DIRECHTVEHICLE
1130,DIRECTAUTLO
1131,BVSUBHRAMANYAMGSR
1132,HOTELVENKATAGANANA
1133,GMAHDUMADHUPROVIS
1134,ON
1135,KHADERVAIL
1136,LIDSPENDING
1137,BISMILLLATRADERS
1138,MRR
1139,TAPEROLLNBROUN
1140,GRKLALITHA
1141,CHENCHUKRISHNAYAN
1142,DIRECT
1143,KMSKHADERVALIPRAK
1144,ASHSKBABUSUNDARA
1145,KHADERVALIPSUNDAR
1146,AM
1147,SHAJAHNA
1148,RADHAKRISHNASPT
1149,PHATMAKUR
1150,AVRVBPALLI
1151,MSRCATREING
1152,BNRCHINTALATHMAKU
1153,CHANDRASEKHARSKHT
1154,WITHOUTLIDS
1155,VENUGOPALTGONEPAL
1156,GURRAMBHASKER
1157,WITHLIDS
1158,NARAYANAMMAKODUR
1159,MAHDUPROVISON
1160,SSBSVRWINES
1161,GSRMURALIKOTHAGUN
1162,TA
1163,LS
1164,NELLAKANTARDDYVGIR
1165,SOLASURESH
1166,VIJAYSTOERS
1167,DIRECTVECHICLE
1168,LAKSHMIPADMAVATHIN
1169,VEERABADRAYYAKALAH
1170,ASTHI
1171,NAVEENKOTA
1172,TVENUGGOPAL
1173,IMRANCATERING
1174,KHADERVALLI
1175,BALAJIBRANDISHOP
1176,UGIRI
1177,HAZARATHREDDYCHE
1178,JARLA
1179,SVRBRANDISHOPMAR
1180,RIPADU
1181,VENKATESWARLUTPT
1182,SUDHAKARBITRAGUNT
1183,KHADERVAI
1184,TULASIKOVUR
1185,BISMILLATRADERS
1186,JSVLESS
1187,KSR
1188,GAJULAMASTHANANAT
1189,KVSCHITWELI
1190,GKRRAPUR
1191,SUNILDON
1192,DURGABHAVANI
1193,CHITWELI
1194,GOVARDHAN
1195,SVRBRANDIS
1196,GAYATRIPROVISION
1197,BISMILLA
1198,JAMALSPT
1199,PPOLDDHI
1200,POOJATRADERSSKHT
1201,KMSSPT
1202,JAYARAMAYYAPVGIRI
1203,RAJESH
1204,BSUDHAKARSINGAPET
1205,POWERBILL
1206,MRAMARAOCHINAMACH
1207,ANUR
1208,GG
1209,PPRABHAKARISKAPA
1210,LLI
1211,JAMAL
1212,KURAPATISUDHAKARS
1213,SILVERPOUCHI
1214,SANKARTRADERS
1215,KHADERVALIJAMAL
1216,SVSSULURPET
1217,JAGADEESHRAPUR
1218,SODABANDIVENKATES
1219,WARLUDUTTALUR
1220,PRICEDIFFERENCE
1221,ROYALPACKAGING
1222,GMADHUMADHUPROVI
1223,SION
1224,SKSIFULLA
1225,BIGCHOTEL
1226,PRAJASPT
1227,SREERAMESWARAYYA
1228,KOTHAGUNTA
1229,SAICATERINGNLR
1230,MKRRAPUR
1231,RAVIFANCYVENUGOPAL
1232,BROWNTAPEROLLS
1233,KSPROVISONSPDKR
1234,YUGANDHARSKHT
1235,NUNNANARAYANA
1236,RAJESHDAKKILLI
1237,FEB
1238,KLR
1239,MALLI
1240,KARIMULLASRIRAMA
1241,PROVISION
1242,MALYADRIDHARMAVARA
1243,SUBHARAOVV
1244,MVRAMARAOCHINAMAC
1245,BISMILLATRADERSUG
1246,NAGARAJUPALLURU
1247,KODURCHURCH
1248,SIVAVIJAYADAIRY
1249,LIDSBOXESP
1250,ENDINGOLDPENDING
1251,LLIDSCOMPLETE
1252,SURI
1253,SUBHIAH
1254,KARUMULLA
1255,TKRBITRAGUNTA
1256,TIRUMALAFROMASRI
1257,NIIVASULU
1258,VINAYAKASWEET
1259,SELF
1260,RPSUGIRI
1261,YMADHAVISYDHAPURA
1262,GSSR
1263,SHSIFULLA
1264,CREDITBILLMEERAG
1265,ENERALSTORESKOTHA
1266,GUNTA
1267,KGWEIGHT
1268,RASOOLRAILVWAYKOD
1269,PRIYAMEDICAL
1270,VIJAYLAKSHMIHARDWA
1271,TMADHUPROVISIONM
1272,SURESH
1273,BEEDILAKIAMOUNT
1274,AMMADAGGAR
1275,TVSUBRHAMANYAMNPT
1276,VENKATESWARLUAMOUN
1277,KALYANIFRUITJUIC
1278,REPEATEDITEMSLESS
1279,INAPRIL
1280,MSURESHGRK
1281,TKRBITRAGUNT
1282,SUDHARASANVGIRI
1283,JAMALKHADERVALI
1284,RAJAFANCYKALUVAI
1285,NARAYANAVENKATESWA
1286,PSUNDARAMPRAKASH
1287,BOXES
1288,CNB
1289,SIVATIIFINCENTRE
1290,NAME
1291,CHANDRARAILWAYKOD
1292,SRISAIRAMGENERAL
1293,SUDHAKARSING
1294,BABUNANATHASAGARA
1295,SUDHAKAR
1296,CREDTBILL
1297,GGMSURESHYGOPIN
1298,ATH
1299,CHIRUPLATESPADUGU
1300,PKESAVULUGDR
1301,DHANALAKSHMIUDAYAG
1302,VIJAYALAKSHMI
1303,BALAIBRANDISHOP
1304,SWARLU
1305,SIONSANGAM
1306,GVSHODABANDIVENK
1307,ATESWARLU
1308,CYCLEBKOLDPENDIN
1309,GVI
1310,PENDINGLIDSALLCL
1311,EAR
1312,SEKHARPADARUPALLI
1313,PPRABHAKAR
1314,GIRIJAMEDICAL
1315,TIRUPALREDDYKALI
1316,GIRI
1317,MSRCATERINGKKS
1318,PRAJA
1319,COLOURS
1320,COLOURGLASS
1321,OCT
1322,CHANGESWITHOLDBI
1323,LL
1324,PVSNAGALETUUR
1325,MEERAGENERALSTORE
1326,SKOTHAGUNTA
1327,SRIRAMSUBHARAOMAR
1328,SRIDEVIJUICECENT
1329,SRIKANTHTIRUPATHI
1330,VIJAYLAKSHMIPROVIS
1331,ION
1332,MTKHADERVALI
1333,KKSSPT
1334,SAIRAMPROVISIONS
1335,RHAZARATHAIAHATK
1336,SUBHARAO
1337,VVENKATESWARALU
1338,MSRCATERINGPSUND
1339,ARAM
1340,KHADARVALLIKHADERA
1341,VALI
1342,MSRCATERINGKHADER
1343,VALIMALLAYA
1344,ENTEREDIN
1345,DIRECTHYD
1346,BSATYAMVGIRI
1347,PHATKR
1348,CMNPT
1349,RAMBABUSKHT
1350,MTMSRPSUNDARAMD
1351,HADERVALIMALLAYAJ
1352,AMAL
1353,CHANDRA
1354,TIRUPALREDDYKALIG
1355,PRATHAP
1356,WINEBAHUBALIDEDUC
1357,TED
1358,NUNNANARAYANAPDKR
1359,SAPKGAMOUNTLES
1360,SEDMLLESS
1361,SSDUTTALURU
1362,JAGADEESH
1363,RKWRETUNIC
1364,HADULESS
1365,SATYAMVGIRI
1366,VAMSIKRISHNANAIDU
1367,RAMESHENTERPRISES
1368,SURESHNPT
1369,VSMSKHT
1370,KARIMULLAVIGIR
1371,CSNSPT
1372,RASOOLRAJAMPET
1373,HOTELNTCNELLORE
1374,SRIRAAMSUBHARAO
1375,SIVAVVS
1376,BSM
1377,VGIRIROAD
1378,SKSIFULL
1379,NANDAGOPALSPT
1380,LAKSHMIPLASTICSSK
1381,RATNAMHIGHSCHOOL
1382,CNRBUCHI
1383,SMALAKONDAREDDY
1384,JANATHATRADERSNPT
1385,SBIRBONELLORE
1386,CAKESANDCREAMS
1387,SRAVANIPROVISION
1388,NAGESWARARAOSARVEP
1389,SUBHARAOPNELLORE
1390,SUBRHAMANYAMCHEJAR
1391,CHTIRUPATHINELLO
1392,REPALEM
1393,CHANDRAMOHANREDDY
1394,GVSPROVISIONSCSPU
1395,NAGARJUNANANDHIPAD
1396,VSRBTTR
1397,VENKATARAMANASUPER
1398,DVEERABADHRAYA
1399,PVRAGHAVAREDDY
1400,ASULUMADAPALLI
1401,KRISHNAMURTHYIITA
1402,PSUNDARAMAJAMALA
1403,NVKSKHT
1404,HOTELKAVERINLR
1405,BHASKERJVGIRI
1406,TIRUPALREDDY
1407,GMADU
1408,SHANMUGAPROVISSIN
1409,VINAYAKABAKERYAS
1410,VSRCHITWELI
1411,DVEERABADRAYYA
1412,RAJESHDAKKILI
1413,MALLAYAJAMAL
1414,LIDSPENDINGCLEAR
1415,KNARASIMHANAIDU
1416,DESPATHEDON
1417,SRIVINAYAKASWEETS
1418,ANDBAKERY
1419,ALISOMASILA
1420,MSRCATERINGJAMAL
1421,CMFANCY
1422,KHADERVALLISPT
1423,VIJAYAWADA
1424,MSURESHTKPADU
1425,SANDHANIBASH
1426,PRABHAKAR
1427,SURESHPDKR
1428,NCCCANTEEN
1429,RACHANANLR
1430,SPRKOTA
1431,OLDPENDING
1432,IONS
1433,GANGASWEETSBUCHIR
1434,SRIRAMSUBHARAO
1435,MARRIPADU
1436,TPCLNLR
1437,DIYAINDUSTRIESTPT
1438,PRADEEPVENKATACHAL
1439,ASHOKSTUDIOISKAPA
1440,RAMMOHANPMARLAPU
1441,VEERABADRAY
1442,RAVINDRABARATHISC
1443,NAGABUSHANAMCHEJAR
1444,SURESHBUJJAYASUB
1445,HAREDDY
1446,CHRANGAYYAUGIRI
1447,VINAYAKASWEEETSAN
1448,DBAKERY
1449,SURESHMTKPADU
1450,SSFASHIONSKAVALI
1451,PVSALR
1452,GIRIKBUCHI
1453,VINAYAKWINEKOTHA
1454,KANNAYAKRAPUR
1455,PATTHISUBHARAONLR
1456,KSRGUDUR
1457,MURALIHOTEL
1458,PVSNAGALETURU
1459,SURESHDISPOSABLES
1460,SURESHADURUPALLI
1461,KBR
1462,KPRABHAKARCHINCHU
1463,KCH
1464,GSRMALL
1465,KCHKALAHASTHI
1466,MUNEERBITRAGUNTA
1467,BOLLINENIHOSPITAL
1468,SURYAPRAKASHRAO
1469,MANUBOLU
1470,MADEENACUTPIECES
1471,BRHAMEESWARAVASUDE
1472,GURURAGHAVENDRARE
1473,ENERALSKOTHAGU
1474,NTA
1475,VIJAYANANDABRHAMAC
1476,KONDAREDDYBUCHI
1477,PRIYAPACKAGING
1478,PENCHALAYYAMRAPUR
1479,ANJANEYULUCHGUDUR
1480,KGNCHIKEN
1481,MARKFEDADURUPALLI
1482,MARKFED
1483,GUNTURVENKATESWARL
1484,UPAMUR
1485,SUSHMITHACATERING
1486,JAMALSPTSHAJAHANA
1487,BHAVANIJUICERAPUR
1488,DURGARAODUVVUR
1489,SUBRHAMANYAMKALLU
1490,CHANDUCONSTRUCTION
1491,SHAIKSIFULLAA
1492,CETHARFOODSLIMITE
1493,VSBAR
1494,LAALUMALL
1495,BALAJICHEMICALSSU
